271,206,150
271,206,150
271,458,150
92,458,150
92,459,150
92,459,150
92,72,150
92,72,150
92,72,150
92,72,150
92,72,150
92,72,150
92,72,150
92,72,150
92,72,150
92,72,150
92,72,150
92,72,150
92,72,150
92,72,150
92,72,150
92,72,150
72,235,150
72,363,150
72,363,150
72,41,150
92,41,150
72,271,150
72,271,150
271,32,150
271,32,150
72,32,150
72,32,150
32,438,150
32,438,150
32,179,150
32,179,150
438,179,150
438,179,150
223,179,150
223,290,150
290,399,150
438,31,150
438,31,150
232,430,150
232,29,150
29,430,150
29,430,150
29,430,150
430,257,150
430,144,150
430,144,150
144,256,150
144,256,150
144,313,150
144,313,150
313,174,150
430,151,150
430,151,150
430,177,150
177,178,150
177,178,150
178,104,150
178,16,150
16,112,150
178,112,150
112,57,150
112,57,150
112,82,150
112,82,150
82,156,150
156,308,150
156,308,150
308,86,150
308,86,150
112,146,150
112,113,150
308,146,150
308,146,150
308,89,150
308,89,150
308,178,150
308,178,150
313,308,150
313,308,150
308,36,150
308,36,150
308,435,150
178,56,150
178,445,150
178,445,150
178,251,150
178,251,150
251,61,150
251,61,150
61,59,150
61,59,150
59,60,150
59,60,150
251,445,150
251,445,150
445,454,150
445,454,150
454,36,150
454,36,150
454,334,150
454,334,150
454,334,150
334,230,150
454,352,150
454,352,150
352,173,150
173,11,150
11,352,150
230,42,150
230,42,150
352,42,150
352,42,150
352,445,150
352,445,150
42,445,150
42,445,150
42,431,150
42,431,150
42,93,150
42,93,150
251,147,150
251,147,150
147,289,150
147,289,150
289,353,150
289,353,150
289,87,150
454,189,150
178,454,150
178,337,150
178,337,150
68,178,150
68,178,150
68,178,150
68,178,150
68,178,150
68,178,150
68,178,150
68,178,150
68,178,150
68,178,150
68,178,150
68,178,150
482,329,150
482,329,150
482,37,150
482,37,150
482,37,150
482,37,150
482,37,150
37,483,150
37,483,150
329,269,150
329,269,150
269,480,150
269,480,150
269,44,150
269,44,150
269,242,150
269,242,150
242,124,150
242,124,150
242,237,150
242,237,150
242,236,150
242,236,150
236,54,150
236,54,150
236,54,150
236,54,150
236,249,150
249,393,150
393,141,150
393,141,150
393,141,150
393,194,150
393,194,150
194,269,150
194,303,150
269,135,150
135,303,150
303,111,150
303,111,150
303,328,150
303,328,150
236,493,150
236,493,150
493,110,150
493,110,150
493,393,150
493,393,150
493,79,150
493,79,150
79,354,150
79,354,150
354,491,150
354,491,150
491,316,150
491,316,150
301,335,150
301,335,150
301,478,150
301,478,150
478,316,150
478,316,150
316,270,150
316,270,150
270,267,150
270,267,150
335,293,150
335,293,150
270,364,150
270,364,150
270,402,150
270,402,150
270,395,150
270,395,150
270,395,150
270,395,150
270,395,150
270,395,150
270,395,150
395,394,150
395,394,150
394,449,150
394,449,150
394,299,150
394,299,150
299,54,150
299,54,150
394,283,150
394,283,150
299,461,150
299,461,150
299,196,150
299,196,150
461,196,150
461,196,150
196,426,150
196,426,150
196,424,150
196,487,150
196,487,150
196,274,150
196,376,150
274,376,150
487,419,150
487,419,150
419,2,150
419,2,150
293,284,150
293,284,150
284,421,150
421,372,150
372,219,150
372,45,150
372,45,150
45,357,150
45,357,150
293,357,150
293,357,150
357,306,150
357,306,150
306,35,150
306,35,150
35,333,150
35,333,150
35,333,150
35,333,150
35,275,150
35,344,150
344,275,150
344,304,150
306,50,150
50,205,150
50,296,150
205,296,150
296,142,150
296,142,150
296,17,150
296,215,150
17,215,150
50,432,150
50,432,150
432,84,150
432,84,150
121,296,150
50,221,150
50,221,150
221,411,150
221,411,150
411,133,150
411,133,150
411,255,150
411,255,150
411,255,150
411,255,150
255,388,150
255,388,150
255,206,150
255,206,150
255,14,150
255,20,150
255,403,150
20,176,150
403,176,150
176,50,150
176,50,150
176,76,150
176,76,150
76,253,150
253,31,150
31,185,150
31,185,150
31,185,150
31,185,150
41,149,150
41,149,150
149,143,150
149,143,150
31,437,150
31,437,150
437,472,150
437,475,150
472,475,150
472,163,150
472,467,150
467,453,150
453,476,150
476,472,150
364,199,150
364,199,150
68,465,150
68,34,150
68,418,150
34,103,150
34,103,150
103,38,150
34,326,150
34,326,150
337,78,150
337,78,150
78,127,150
78,127,150
127,418,150
127,418,150
453,294,150
294,402,150
402,453,150
283,300,150
300,73,150
73,283,150
73,134,150
134,325,150
325,73,150
325,1,150
93,268,150
268,164,150
164,384,150
384,93,150
164,83,150
164,83,150
83,23,150
83,23,150
23,292,150
292,126,150
126,317,150
317,384,150
492,384,150
492,317,150
384,30,150
384,30,150
317,469,150
469,229,150
469,229,150
229,213,150
213,250,150
250,229,150
384,117,150
117,229,150
229,187,150
187,384,150
384,479,150
384,479,150
384,479,150
384,479,150
479,343,150
479,343,150
479,414,150
479,414,150
414,396,150
414,396,150
414,340,150
229,340,150
359,224,150
224,225,150
224,225,150
224,40,150
225,298,150
225,469,150
298,469,150
229,355,150
355,436,150
436,54,150
355,54,150
54,385,150
54,385,150
385,229,150
385,229,150
54,46,150
46,468,150
468,54,150
46,245,150
46,245,150
245,404,150
404,74,150
404,74,150
404,107,150
404,107,150
48,486,150
48,486,150
486,417,150
486,417,150
486,58,150
486,58,150
58,207,150
58,207,150
58,207,150
58,74,150
58,74,150
58,74,150
58,74,150
58,74,150
74,485,150
74,485,150
74,485,150
74,485,150
74,485,150
74,485,150
74,131,150
74,131,150
131,130,150
131,130,150
130,3,150
130,3,150
3,4,150
130,254,150
130,254,150
131,376,150
131,376,150
376,254,150
376,254,150
376,254,150
376,254,150
376,24,150
376,24,150
24,99,150
99,376,150
376,239,150
376,152,150
376,152,150
254,168,150
254,168,150
254,374,150
254,374,150
254,374,150
374,183,150
374,183,150
374,425,150
254,323,150
254,323,150
323,109,150
323,128,150
323,114,150
128,114,150
114,479,150
128,479,150
308,433,150
433,356,150
356,322,150
127,73,150
127,73,150
127,73,150
127,122,150
73,122,150
73,243,150
73,369,150
243,180,150
369,453,150
180,453,150
453,280,150
453,280,150
280,477,150
453,188,150
188,484,150
453,392,150
453,392,150
392,201,150
201,347,150
347,90,150
90,392,150
90,477,150
201,307,150
307,115,150
307,73,150
307,73,150
127,490,150
127,490,150
490,120,150
120,471,150
471,228,150
120,228,150
228,159,150
228,127,150
159,127,150
417,336,220
417,336,220
417,336,220
336,371,220
336,398,220
336,302,220
417,331,220
417,332,220
332,486,220
332,327,220
383,422,220
422,258,220
422,258,220
258,28,220
258,28,220
28,197,220
197,198,220
28,455,220
197,455,220
455,39,220
39,291,220
291,373,220
373,32,220
373,32,220
32,259,220
32,259,220
259,401,220
259,401,220
259,401,220
259,401,220
259,401,220
259,401,220
259,401,220
259,401,220
259,401,220
259,401,220
259,401,220
259,401,220
259,401,220
259,401,220
259,401,220
259,401,220
259,401,220
373,401,220
373,401,220
373,390,220
373,390,220
373,390,220
390,378,220
390,378,220
390,378,220
390,378,220
390,378,220
390,378,220
390,378,220
390,378,220
390,378,220
390,378,220
390,378,220
390,378,220
390,378,220
390,378,220
378,235,220
378,235,220
235,51,220
51,271,220
235,271,220
235,373,220
235,373,220
417,172,380
417,172,380
172,320,380
172,451,380
172,451,380
172,451,380
172,451,380
451,131,380
451,131,380
131,220,380
131,220,380
220,30,380
220,30,380
30,229,380
30,229,380
220,376,380
220,376,380
376,299,380
376,299,380
299,270,380
299,270,380
270,293,380
270,293,380
299,124,380
299,124,380
124,482,380
124,482,380
482,269,380
482,269,380
269,124,380
269,299,380
124,299,380
293,296,380
293,296,380
296,450,380
296,450,380
450,20,380
20,271,380
450,271,380
20,179,380
271,179,380
179,373,380
179,373,380
179,438,380
179,438,380
179,438,380
179,438,380
179,75,380
179,75,380
75,28,220
75,28,380
179,8,380
179,100,380
179,100,380
100,88,380
100,88,380
100,412,380
100,412,380
412,430,380
412,430,380
412,104,380
412,104,380
104,178,380
104,178,380
104,297,380
104,297,380
297,127,380
297,127,380
297,73,380
297,73,380
73,77,380
73,77,380
73,453,380
73,453,380
77,299,380
77,299,380
