50,4,120
66,4,120
164,4,120
164,4,120
233,4,120
287,4,120
32,34,120
129,34,120
18,34,120
33,34,120
72,34,120
22,26,120
22,26,120
136,62,120
136,62,120
58,62,120
58,62,120
61,62,120
68,62,120
68,62,120
69,62,120
128,62,120
203,62,120
306,62,120
208,63,120
208,63,120
208,63,120
88,63,120
110,63,120
124,63,120
232,63,120
282,63,120
271,78,120
74,78,120
74,78,120
75,78,120
75,78,120
79,78,120
183,78,120
183,78,120
308,78,120
279,78,120
328,83,120
328,83,120
84,83,120
92,83,120
220,83,120
220,83,120
287,83,120
19,83,120
80,271,120
292,271,120
315,271,120
289,101,120
91,101,120
91,101,120
209,101,120
212,101,120
241,101,120
43,101,120
105,106,120
105,106,120
82,105,120
142,105,120
154,105,120
277,105,120
291,105,120
333,105,120
369,105,120
373,105,120
373,105,120
107,160,120
107,160,120
286,160,120
286,160,120
10,114,120
10,114,120
53,114,120
115,114,120
116,114,120
116,114,120
170,114,120
296,114,120
348,114,120
111,114,120
36,114,120
162,125,120
162,125,120
163,175,120
17,175,120
240,175,120
365,175,120
365,175,120
380,175,120
9,201,120
273,201,120
310,201,120
374,201,120
377,201,120
383,201,120
63,208,120
303,254,120
303,254,120
18,256,120
18,256,120
255,256,120
262,264,120
28,262,120
64,262,120
263,262,120
263,262,120
317,262,120
139,262,120
139,262,120
38,270,120
161,270,120
182,270,120
219,270,120
268,270,120
268,270,120
269,270,120
293,270,120
293,270,120
314,288,120
314,288,120
314,288,120
6,288,120
6,288,120
153,288,120
174,288,120
21,289,120
35,289,120
43,289,120
102,289,120
152,289,120
152,289,120
260,289,120
241,290,120
242,290,120
349,290,120
259,290,120
363,290,120
366,290,120
366,290,120
51,314,120
51,314,120
313,314,120
313,314,120
340,327,120
340,327,120
85,328,120
85,328,120
44,334,120
336,334,120
338,334,120
339,334,120
352,334,120
361,334,120
361,334,120
371,334,120
320,357,120
366,357,120
130,357,120
249,357,120
145,358,120
145,358,120
8,387,120
8,387,120
285,387,120
285,387,120
379,387,120
303,54,120
303,54,120
50,54,120
8,370,120
8,370,120
41,136,120
122,136,120
203,136,120
329,20,120
329,20,120
344,28,120
293,29,120
293,29,120
37,30,120
295,30,120
206,37,120
317,38,120
234,55,120
237,55,120
76,64,120
187,70,120
344,70,120
77,74,120
77,74,120
298,74,120
298,74,120
77,73,120
79,80,120
145,138,120
145,138,120
234,140,120
234,140,120
147,145,120
187,145,120
214,145,120
237,145,120
329,145,120
187,141,120
187,143,120
147,146,120
147,146,120
295,147,120
278,161,120
206,162,120
297,162,120
9,162,120
305,162,120
345,162,120
385,162,120
193,171,120
329,171,120
269,182,120
294,182,120
278,193,120
294,214,120
47,219,120
297,234,120
278,269,120
344,292,120
133,295,120
199,297,120
316,315,120
321,315,120
6,5,120
6,5,120
127,6,120
205,6,120
14,13,120
47,13,120
165,13,120
139,14,120
24,22,120
24,22,120
27,22,120
210,22,120
257,22,120
309,22,120
24,23,120
24,23,120
112,24,120
112,24,120
325,27,120
221,44,120
235,44,120
191,52,120
191,52,120
318,127,120
177,139,120
215,153,120
198,156,120
157,156,120
158,157,120
198,157,120
155,157,120
189,158,120
189,158,120
191,158,120
235,158,120
308,158,120
155,158,120
352,158,120
166,165,120
386,166,120
190,174,120
386,174,120
178,177,120
386,178,120
191,190,120
198,197,120
367,197,120
211,205,120
211,210,120
386,215,120
372,221,120
258,257,120
192,258,120
192,318,120
151,8,120
134,8,120
134,8,120
154,8,120
154,8,120
186,8,120
186,8,120
369,8,120
369,8,120
154,25,120
277,25,120
39,32,120
300,39,120
154,42,120
376,42,120
376,42,120
378,42,120
195,46,120
233,46,120
233,46,120
50,48,120
272,48,120
373,60,120
373,60,120
92,66,120
82,81,120
82,81,120
99,82,120
291,82,120
99,82,120
331,85,120
331,85,120
154,87,120
151,93,120
379,93,120
46,93,120
279,94,120
303,94,120
367,94,120
367,94,120
233,103,120
233,103,120
121,107,120
202,107,120
300,129,120
378,129,120
378,129,120
369,142,120
186,151,120
300,154,120
300,154,120
164,159,120
164,159,120
196,164,120
196,164,120
42,164,120
179,172,120
179,173,120
275,179,120
303,179,120
331,179,120
233,179,120
285,179,120
285,179,120
286,179,120
286,179,120
286,213,120
286,213,120
272,233,120
172,233,120
303,275,120
90,277,120
285,284,120
285,284,120
300,299,120
300,299,120
331,303,120
375,303,120
331,330,120
331,330,120
373,333,120
369,368,120
369,368,120
375,372,120
283,373,120
3,2,120
3,2,120
16,3,120
16,3,120
45,3,120
267,3,120
305,3,120
353,3,120
354,3,120
383,3,120
194,7,120
346,7,120
167,11,120
231,11,120
33,18,120
72,18,120
167,18,120
343,18,120
343,18,120
346,18,120
347,18,120
322,19,120
347,71,120
131,45,120
188,49,120
340,49,120
144,53,120
168,53,120
90,72,120
253,72,120
340,98,120
95,96,120
144,96,120
296,96,120
117,104,120
119,104,120
170,115,120
119,116,120
119,116,120
231,116,120
238,116,120
238,116,120
119,117,120
119,118,120
119,118,120
340,131,120
133,132,120
133,132,120
273,133,120
322,133,120
150,144,120
347,167,120
181,167,120
170,168,120
170,168,120
382,168,120
382,168,120
170,169,120
170,169,120
180,181,120
231,180,120
326,185,120
326,185,120
340,185,120
384,185,120
296,188,120
253,194,120
266,199,120
255,222,120
280,222,120
226,223,120
226,223,120
226,225,120
226,225,120
382,226,120
382,226,120
231,230,120
231,230,120
111,231,120
354,252,120
359,253,120
359,253,120
266,265,120
326,266,120
348,267,120
374,280,120
301,296,120
302,296,120
302,301,120
323,310,120
321,310,120
323,319,120
323,322,120
324,322,120
321,324,120
340,332,120
340,332,120
343,341,120
343,341,120
343,342,120
343,342,120
377,345,120
354,353,120
382,381,120
382,381,120
385,384,120
65,12,120
217,12,120
43,21,120
236,31,120
312,31,120
89,35,120
232,35,120
261,35,120
123,65,120
212,65,120
216,65,120
218,65,120
100,88,120
184,100,120
217,100,120
218,102,120
101,102,120
113,110,120
202,113,120
202,120,120
202,120,120
202,121,120
209,123,120
184,124,120
229,135,120
371,135,120
320,163,120
232,202,120
236,202,120
229,202,120
242,218,120
282,232,120
304,232,120
304,232,120
312,232,120
283,236,120
261,260,120
282,281,120
312,311,120
350,349,120
259,350,120
259,351,120
259,351,120
276,259,120
126,363,120
224,17,120
86,40,120
274,40,120
325,40,120
228,41,120
61,56,120
69,56,120
58,57,120
58,57,120
59,58,120
59,58,120
67,59,120
200,61,120
200,61,120
128,86,120
224,97,120
380,97,120
126,122,120
251,130,120
149,148,120
227,148,120
355,149,120
365,176,120
365,176,120
249,251,120
227,204,120
307,204,120
246,224,120
309,227,120
137,228,120
246,239,120
306,239,120
247,240,120
244,243,120
244,243,120
248,244,120
249,244,120
248,244,120
249,244,120
247,245,120
249,245,120
250,249,120
137,274,120
355,276,120
336,307,120
338,335,120
339,335,120
338,337,120
339,337,120
361,360,120
361,360,120
362,361,120
362,361,120
365,364,120
365,364,120
83,4,220
83,4,220
290,62,220
208,63,220
208,63,220
208,63,220
290,63,220
290,63,220
334,63,220
387,63,220
387,63,220
83,78,220
83,78,220
207,83,220
207,83,220
254,83,220
254,83,220
256,83,220
387,105,220
256,114,220
290,175,220
387,254,220
334,290,220
357,290,220
334,314,220
105,1,400
160,1,400
207,1,400
328,1,400
334,1,400
136,1,400
109,34,400
207,34,400
288,26,400
334,26,400
207,271,400
262,271,400
289,101,400
290,101,400
290,101,400
160,105,400
290,105,400
108,109,400
114,109,400
201,114,400
327,114,400
201,125,400
327,125,400
327,125,400
358,125,400
207,201,400
262,201,400
328,207,400
270,262,400
270,262,400
288,262,400
358,262,400
356,290,400
136,290,400
15,290,400
15,136,400
