graph_type,voltage_class,european_n,mean_A,mean_gamma,degree_k,ccdf_P_K_ge_k,probability_P_K_eq_k,percentage_P_K_eq_k,remaining_probability_above_max_k
complete,<200 kV,15,0.8450429543262282,1.780680149116634,1,1.0,0.15495704567377178,15.495704567377178,
complete,<200 kV,15,0.8450429543262282,1.780680149116634,2,0.8450429543262282,0.36311034422191146,36.31103442219115,
complete,<200 kV,15,0.8450429543262282,1.780680149116634,3,0.48193261010431676,0.20708381159898542,20.708381159898543,
complete,<200 kV,15,0.8450429543262282,1.780680149116634,4,0.27484879850533134,0.11810102826527061,11.81010282652706,
complete,<200 kV,15,0.8450429543262282,1.780680149116634,5,0.15674777024006073,0.06735366115591902,6.735366115591902,
complete,<200 kV,15,0.8450429543262282,1.780680149116634,6,0.0893941090841417,0.03841216065381531,3.8412160653815306,
complete,<200 kV,15,0.8450429543262282,1.780680149116634,7,0.0509819484303264,0.021906664920246156,2.1906664920246155,
complete,<200 kV,15,0.8450429543262282,1.780680149116634,8,0.029075283510080242,0.012493490596714885,1.2493490596714885,
complete,<200 kV,15,0.8450429543262282,1.780680149116634,9,0.016581792913365357,0.007125105891675346,0.7125105891675346,
complete,<200 kV,15,0.8450429543262282,1.780680149116634,10,0.009456687021690011,0.004063486787346338,0.4063486787346338,
complete,<200 kV,15,0.8450429543262282,1.780680149116634,11,0.005393200234343673,0.002317428698179776,0.2317428698179776,
complete,<200 kV,15,0.8450429543262282,1.780680149116634,12,0.003075771536163897,0.001321642237861051,0.1321642237861051,
complete,<200 kV,15,0.8450429543262282,1.780680149116634,13,0.0017541292983028459,0.0007537397833514098,0.07537397833514098,
complete,<200 kV,15,0.8450429543262282,1.780680149116634,14,0.001000389514951436,0.00042986191325580076,0.04298619132558008,
complete,<200 kV,15,0.8450429543262282,1.780680149116634,15,0.0005705276016956353,0.0002451525958286708,0.02451525958286708,
complete,<200 kV,15,0.8450429543262282,1.780680149116634,16,0.0003253750058669645,0.00013981186373627735,0.013981186373627734,
complete,<200 kV,15,0.8450429543262282,1.780680149116634,17,0.00018556314213068716,7.973546914866226e-05,0.007973546914866226,
complete,<200 kV,15,0.8450429543262282,1.780680149116634,18,0.0001058276729820249,4.547357334674865e-05,0.004547357334674865,
complete,<200 kV,15,0.8450429543262282,1.780680149116634,19,6.035409963527625e-05,2.593382712863657e-05,0.002593382712863657,
complete,<200 kV,15,0.8450429543262282,1.780680149116634,20,3.442027250663968e-05,1.4790203189213196e-05,0.0014790203189213196,
complete,<200 kV,15,0.8450429543262282,1.780680149116634,21,1.9630069317426487e-05,8.434933621373043e-06,0.0008434933621373043,
complete,<200 kV,15,0.8450429543262282,1.780680149116634,22,1.1195135696053444e-05,4.810488692194531e-06,0.0004810488692194531,
complete,<200 kV,15,0.8450429543262282,1.780680149116634,23,6.384647003858913e-06,2.743447962541811e-06,0.0002743447962541811,
complete,<200 kV,15,0.8450429543262282,1.780680149116634,24,3.641199041317102e-06,1.5646033500478458e-06,0.00015646033500478458,
complete,<200 kV,15,0.8450429543262282,1.780680149116634,25,2.076595691269256e-06,8.923018320029976e-07,8.923018320029976e-05,
complete,<200 kV,15,0.8450429543262282,1.780680149116634,26,1.1842938592662583e-06,5.088846060386821e-07,5.08884606038682e-05,6.754092532275763e-07
complete,200-299 kV,12,0.7430271195900718,2.3360287087062397,1,1.0,0.25697288040992816,25.697288040992817,
complete,200-299 kV,12,0.7430271195900718,2.3360287087062397,2,0.7430271195900718,0.2587508187567005,25.87508187567005,
complete,200-299 kV,12,0.7430271195900718,2.3360287087062397,3,0.48427630083337136,0.16864376284708538,16.864376284708538,
complete,200-299 kV,12,0.7430271195900718,2.3360287087062397,4,0.315632537986286,0.10991547344229413,10.991547344229414,
complete,200-299 kV,12,0.7430271195900718,2.3360287087062397,5,0.20571706454399186,0.0716386488185648,7.16386488185648,
complete,200-299 kV,12,0.7430271195900718,2.3360287087062397,6,0.13407841572542706,0.04669129690137766,4.669129690137766,
complete,200-299 kV,12,0.7430271195900718,2.3360287087062397,7,0.0873871188240494,0.03043157907478078,3.043157907478078,
complete,200-299 kV,12,0.7430271195900718,2.3360287087062397,8,0.05695553974926862,0.01983412469653007,1.983412469653007,
complete,200-299 kV,12,0.7430271195900718,2.3360287087062397,9,0.03712141505273855,0.01292711434759285,1.292711434759285,
complete,200-299 kV,12,0.7430271195900718,2.3360287087062397,10,0.024194300705145697,0.008425392494632051,0.8425392494632051,
complete,200-299 kV,12,0.7430271195900718,2.3360287087062397,11,0.015768908210513646,0.005491344532109027,0.5491344532109027,
complete,200-299 kV,12,0.7430271195900718,2.3360287087062397,12,0.010277563678404619,0.003579045699002849,0.3579045699002849,
complete,200-299 kV,12,0.7430271195900718,2.3360287087062397,13,0.00669851797940177,0.0023326833784787287,0.23326833784787288,
complete,200-299 kV,12,0.7430271195900718,2.3360287087062397,14,0.004365834600923041,0.0015203526866804074,0.15203526866804074,
complete,200-299 kV,12,0.7430271195900718,2.3360287087062397,15,0.002845481914242634,0.000990907001448163,0.0990907001448163,
complete,200-299 kV,12,0.7430271195900718,2.3360287087062397,16,0.0018545749127944708,0.0006458348080160949,0.06458348080160949,
complete,200-299 kV,12,0.7430271195900718,2.3360287087062397,17,0.001208740104778376,0.0004209301161820526,0.042093011618205264,
complete,200-299 kV,12,0.7430271195900718,2.3360287087062397,18,0.0007878099885963233,0.00027434594808123196,0.027434594808123196,
complete,200-299 kV,12,0.7430271195900718,2.3360287087062397,19,0.0005134640405150913,0.00017880806417766017,0.01788080641776602,
complete,200-299 kV,12,0.7430271195900718,2.3360287087062397,20,0.00033465597633743115,0.00011654017140976802,0.011654017140976802,
complete,200-299 kV,12,0.7430271195900718,2.3360287087062397,21,0.00021811580492766313,7.59563703945911e-05,0.00759563703945911,
complete,200-299 kV,12,0.7430271195900718,2.3360287087062397,22,0.00014215943453307203,4.95054206092984e-05,0.00495054206092984,
complete,200-299 kV,12,0.7430271195900718,2.3360287087062397,23,9.265401392377363e-05,3.2265715923125094e-05,0.0032265715923125095,
complete,200-299 kV,12,0.7430271195900718,2.3360287087062397,24,6.0388298000648536e-05,2.1029544062418657e-05,0.002102954406241866,
complete,200-299 kV,12,0.7430271195900718,2.3360287087062397,25,3.935875393822988e-05,1.3706242394462087e-05,0.0013706242394462087,
complete,200-299 kV,12,0.7430271195900718,2.3360287087062397,26,2.5652511543767792e-05,8.93319798176088e-06,0.0008933197981760879,
complete,200-299 kV,12,0.7430271195900718,2.3360287087062397,27,1.6719313562006913e-05,5.8223124824919266e-06,0.0005822312482491927,
complete,200-299 kV,12,0.7430271195900718,2.3360287087062397,28,1.0897001079514986e-05,3.7947577914420144e-06,0.0003794757791442014,
complete,200-299 kV,12,0.7430271195900718,2.3360287087062397,29,7.102243288072972e-06,2.473276166302017e-06,0.0002473276166302017,
complete,200-299 kV,12,0.7430271195900718,2.3360287087062397,30,4.628967121770955e-06,1.6119856209513327e-06,0.00016119856209513328,
complete,200-299 kV,12,0.7430271195900718,2.3360287087062397,31,3.016981500819622e-06,1.050629799275132e-06,0.00010506297992751319,
complete,200-299 kV,12,0.7430271195900718,2.3360287087062397,32,1.96635170154449e-06,6.847598147143947e-07,6.847598147143946e-05,
complete,200-299 kV,12,0.7430271195900718,2.3360287087062397,33,1.2815918868300954e-06,4.462999280728581e-07,4.462999280728581e-05,8.352919587572373e-07
complete,300-349 kV,3,0.9461704477316819,1.040646116219836,1,1.0,0.05382955226831809,5.382955226831809,
complete,300-349 kV,3,0.9461704477316819,1.040646116219836,2,0.9461704477316819,0.5842294284248657,58.42294284248657,
complete,300-349 kV,3,0.9461704477316819,1.040646116219836,3,0.36194101930681627,0.22348678860143398,22.348678860143398,
complete,300-349 kV,3,0.9461704477316819,1.040646116219836,4,0.1384542307053823,0.08549097708761746,8.549097708761746,
complete,300-349 kV,3,0.9461704477316819,1.040646116219836,5,0.05296325361776482,0.0327030837443813,3.2703083744381303,
complete,300-349 kV,3,0.9461704477316819,1.040646116219836,6,0.020260169873383523,0.012509994888652658,1.2509994888652658,
complete,300-349 kV,3,0.9461704477316819,1.040646116219836,7,0.007750174984730864,0.004785480578448626,0.4785480578448626,
complete,300-349 kV,3,0.9461704477316819,1.040646116219836,8,0.0029646944062822387,0.0018306022161113332,0.18306022161113333,
complete,300-349 kV,3,0.9461704477316819,1.040646116219836,9,0.0011340921901709055,0.0007002649825230494,0.07002649825230493,
complete,300-349 kV,3,0.9461704477316819,1.040646116219836,10,0.00043382720764785607,0.0002678741680918974,0.02678741680918974,
complete,300-349 kV,3,0.9461704477316819,1.040646116219836,11,0.00016595303955595865,0.00010247059573418594,0.010247059573418593,
complete,300-349 kV,3,0.9461704477316819,1.040646116219836,12,6.348244382177271e-05,3.9198341015535024e-05,0.003919834101553502,
complete,300-349 kV,3,0.9461704477316819,1.040646116219836,13,2.4284102806237685e-05,1.4994642388495146e-05,0.0014994642388495147,
complete,300-349 kV,3,0.9461704477316819,1.040646116219836,14,9.289460417742538e-06,5.735939188593423e-06,0.0005735939188593423,
complete,300-349 kV,3,0.9461704477316819,1.040646116219836,15,3.553521229149116e-06,2.194183597235066e-06,0.00021941835972350658,
complete,300-349 kV,3,0.9461704477316819,1.040646116219836,16,1.35933763191405e-06,8.3934670506087e-07,8.3934670506087e-05,5.199909268531801e-07
complete,>=350 kV,9,0.8004379706912297,2.0425719529853583,1,1.0,0.19956202930877032,19.956202930877033,
complete,>=350 kV,9,0.8004379706912297,2.0425719529853583,2,0.8004379706912297,0.30986197368677254,30.986197368677253,
complete,>=350 kV,9,0.8004379706912297,2.0425719529853583,3,0.49057599700445714,0.18990958980105122,18.99095898010512,
complete,>=350 kV,9,0.8004379706912297,2.0425719529853583,4,0.3006664072034059,0.11639263724196411,11.639263724196411,
complete,>=350 kV,9,0.8004379706912297,2.0425719529853583,5,0.18427376996144182,0.07133523914369734,7.133523914369734,
complete,>=350 kV,9,0.8004379706912297,2.0425719529853583,6,0.11293853081774448,0.04372025984005974,4.372025984005974,
complete,>=350 kV,9,0.8004379706912297,2.0425719529853583,7,0.06921827097768474,0.026795468038340826,2.6795468038340826,
complete,>=350 kV,9,0.8004379706912297,2.0425719529853583,8,0.04242280293934391,0.016422526078764575,1.6422526078764574,
complete,>=350 kV,9,0.8004379706912297,2.0425719529853583,9,0.026000276860579336,0.01006511110094432,1.006511110094432,
complete,>=350 kV,9,0.8004379706912297,2.0425719529853583,10,0.015935165759635016,0.006168750226881859,0.616875022688186,
complete,>=350 kV,9,0.8004379706912297,2.0425719529853583,11,0.009766415532753156,0.0037807311792201646,0.3780731179220165,
complete,>=350 kV,9,0.8004379706912297,2.0425719529853583,12,0.005985684353532992,0.0023171514040620554,0.23171514040620556,
complete,>=350 kV,9,0.8004379706912297,2.0425719529853583,13,0.0036685329494709363,0.0014201460973626403,0.14201460973626404,
complete,>=350 kV,9,0.8004379706912297,2.0425719529853583,14,0.002248386852108296,0.0008703854803440042,0.08703854803440042,
complete,>=350 kV,9,0.8004379706912297,2.0425719529853583,15,0.0013780013717642919,0.0005334457389986508,0.05334457389986508,
complete,>=350 kV,9,0.8004379706912297,2.0425719529853583,16,0.0008445556327656411,0.00032694060606726523,0.03269406060672652,
complete,>=350 kV,9,0.8004379706912297,2.0425719529853583,17,0.0005176150266983758,0.00020037681826136258,0.020037681826136258,
complete,>=350 kV,9,0.8004379706912297,2.0425719529853583,18,0.00031723820843701327,0.00012280783895129337,0.012280783895129337,
complete,>=350 kV,9,0.8004379706912297,2.0425719529853583,19,0.0001944303694857199,7.526701660775376e-05,0.007526701660775376,
complete,>=350 kV,9,0.8004379706912297,2.0425719529853583,20,0.00011916335287796614,4.612998516551329e-05,0.004612998516551329,
complete,>=350 kV,9,0.8004379706912297,2.0425719529853583,21,7.303336771245286e-05,2.8272351253938875e-05,0.0028272351253938875,
complete,>=350 kV,9,0.8004379706912297,2.0425719529853583,22,4.476101645851398e-05,1.732768485743351e-05,0.001732768485743351,
complete,>=350 kV,9,0.8004379706912297,2.0425719529853583,23,2.7433331601080473e-05,1.0619868854264551e-05,0.001061986885426455,
complete,>=350 kV,9,0.8004379706912297,2.0425719529853583,24,1.6813462746815922e-05,6.508752635433268e-06,0.0006508752635433268,
complete,>=350 kV,9,0.8004379706912297,2.0425719529853583,25,1.0304710111382654e-05,3.9891133733019695e-06,0.00039891133733019693,
complete,>=350 kV,9,0.8004379706912297,2.0425719529853583,26,6.315596738080685e-06,2.4448656134859044e-06,0.00024448656134859047,
complete,>=350 kV,9,0.8004379706912297,2.0425719529853583,27,3.8707311245947805e-06,1.4984201522099267e-06,0.00014984201522099267,
complete,>=350 kV,9,0.8004379706912297,2.0425719529853583,28,2.3723109723848538e-06,9.183584325305829e-07,9.183584325305829e-05,
complete,>=350 kV,9,0.8004379706912297,2.0425719529853583,29,1.453952539854271e-06,5.628476161083193e-07,5.628476161083193e-05,8.911049237459516e-07
simple,<200 kV,15,0.7836102468533486,1.3178325100201402,1,1.0,0.21638975314665143,21.638975314665142,
simple,<200 kV,15,0.7836102468533486,1.3178325100201402,2,0.7836102468533486,0.4167100048442228,41.67100048442228,
simple,<200 kV,15,0.7836102468533486,1.3178325100201402,3,0.36690024200912574,0.1951110290337776,19.51110290337776,
simple,<200 kV,15,0.7836102468533486,1.3178325100201402,4,0.17178921297534813,0.09135445083650087,9.135445083650087,
simple,<200 kV,15,0.7836102468533486,1.3178325100201402,5,0.08043476213884726,0.04277377721273697,4.277377721273697,
simple,<200 kV,15,0.7836102468533486,1.3178325100201402,6,0.03766098492611029,0.020027442563464424,2.0027442563464426,
simple,<200 kV,15,0.7836102468533486,1.3178325100201402,7,0.017633542362645863,0.009377204487646456,0.9377204487646457,
simple,<200 kV,15,0.7836102468533486,1.3178325100201402,8,0.008256337874999407,0.004390573770190152,0.4390573770190152,
simple,<200 kV,15,0.7836102468533486,1.3178325100201402,9,0.003865764104809255,0.0020557446578964482,0.20557446578964483,
simple,<200 kV,15,0.7836102468533486,1.3178325100201402,10,0.0018100194469128068,0.0009625361785657333,0.09625361785657333,
simple,<200 kV,15,0.7836102468533486,1.3178325100201402,11,0.0008474832683470735,0.0004506765426772157,0.04506765426772157,
simple,<200 kV,15,0.7836102468533486,1.3178325100201402,12,0.0003968067256698578,0.00021101476561861783,0.021101476561861784,
simple,<200 kV,15,0.7836102468533486,1.3178325100201402,13,0.00018579196005123996,9.880086290839326e-05,0.009880086290839326,
simple,<200 kV,15,0.7836102468533486,1.3178325100201402,14,8.69910971428467e-05,4.6260319664482473e-05,0.004626031966448247,
simple,<200 kV,15,0.7836102468533486,1.3178325100201402,15,4.0730777478364225e-05,2.165990369379965e-05,0.002165990369379965,
simple,<200 kV,15,0.7836102468533486,1.3178325100201402,16,1.9070873784564576e-05,1.0141551797033537e-05,0.0010141551797033536,
simple,<200 kV,15,0.7836102468533486,1.3178325100201402,17,8.92932198753104e-06,4.748454762583082e-06,0.0004748454762583082,
simple,<200 kV,15,0.7836102468533486,1.3178325100201402,18,4.1808672249479575e-06,2.2233108979331224e-06,0.00022233108979331225,
simple,<200 kV,15,0.7836102468533486,1.3178325100201402,19,1.957556327014835e-06,1.0409936697342023e-06,0.00010409936697342023,9.165626572806329e-07
simple,200-299 kV,12,0.6554422752986722,1.3928829416738973,1,1.0,0.34455772470132784,34.455772470132786,
simple,200-299 kV,12,0.6554422752986722,1.3928829416738973,2,0.6554422752986722,0.33574490930167306,33.57449093016731,
simple,200-299 kV,12,0.6554422752986722,1.3928829416738973,3,0.3196973659969991,0.163762343681196,16.3762343681196,
simple,200-299 kV,12,0.6554422752986722,1.3928829416738973,4,0.1559350223158031,0.07987643137683914,7.987643137683914,
simple,200-299 kV,12,0.6554422752986722,1.3928829416738973,5,0.07605859093896397,0.038960387022303554,3.8960387022303555,
simple,200-299 kV,12,0.6554422752986722,1.3928829416738973,6,0.03709820391666042,0.019003249528844295,1.9003249528844295,
simple,200-299 kV,12,0.6554422752986722,1.3928829416738973,7,0.018094954387816123,0.00926899141039819,0.926899141039819,
simple,200-299 kV,12,0.6554422752986722,1.3928829416738973,8,0.008825962977417933,0.004521026871516337,0.45210268715163376,
simple,200-299 kV,12,0.6554422752986722,1.3928829416738973,9,0.004304936105901595,0.002205168077946767,0.2205168077946767,
simple,200-299 kV,12,0.6554422752986722,1.3928829416738973,10,0.0020997680279548282,0.0010755888850455951,0.10755888850455951,
simple,200-299 kV,12,0.6554422752986722,1.3928829416738973,11,0.0010241791429092331,0.0005246273339449064,0.05246273339449064,
simple,200-299 kV,12,0.6554422752986722,1.3928829416738973,12,0.0004995518089643267,0.0002558913013595087,0.02558913013595087,
simple,200-299 kV,12,0.6554422752986722,1.3928829416738973,13,0.00024366050760481802,0.00012481308897705924,0.012481308897705923,
simple,200-299 kV,12,0.6554422752986722,1.3928829416738973,14,0.00011884741862775878,6.087861172783222e-05,0.006087861172783222,
simple,200-299 kV,12,0.6554422752986722,1.3928829416738973,15,5.7968806899926566e-05,2.9694044080500088e-05,0.002969404408050009,
simple,200-299 kV,12,0.6554422752986722,1.3928829416738973,16,2.827476281942648e-05,1.4483514469689704e-05,0.0014483514469689704,
simple,200-299 kV,12,0.6554422752986722,1.3928829416738973,17,1.3791248349736774e-05,7.064453424566283e-06,0.0007064453424566284,
simple,200-299 kV,12,0.6554422752986722,1.3928829416738973,18,6.726794925170491e-06,3.445745319087288e-06,0.0003445745319087288,
simple,200-299 kV,12,0.6554422752986722,1.3928829416738973,19,3.2810496060832025e-06,1.6806906480158296e-06,0.00016806906480158296,
simple,200-299 kV,12,0.6554422752986722,1.3928829416738973,20,1.600358958067373e-06,8.197707006030507e-07,8.197707006030507e-05,7.805882574643222e-07
simple,300-349 kV,3,0.9127632046088255,1.0226388716518002,1,1.0,0.08723679539117446,8.723679539117446,
simple,300-349 kV,3,0.9127632046088255,1.0226388716518002,2,0.9127632046088255,0.5694599480733273,56.94599480733273,
simple,300-349 kV,3,0.9127632046088255,1.0226388716518002,3,0.34330325653549815,0.21418200651930475,21.418200651930476,
simple,300-349 kV,3,0.9127632046088255,1.0226388716518002,4,0.1291212500161934,0.0805569067180972,8.055690671809721,
simple,300-349 kV,3,0.9127632046088255,1.0226388716518002,5,0.048564343298096196,0.03029860129451772,3.029860129451772,
simple,300-349 kV,3,0.9127632046088255,1.0226388716518002,6,0.018265742003578476,0.011395735980983493,1.1395735980983492,
simple,300-349 kV,3,0.9127632046088255,1.0226388716518002,7,0.006870006022594982,0.004286098796639156,0.4286098796639156,
simple,300-349 kV,3,0.9127632046088255,1.0226388716518002,8,0.0025839072259558264,0.001612062873798356,0.1612062873798356,
simple,300-349 kV,3,0.9127632046088255,1.0226388716518002,9,0.0009718443521574704,0.0006063198335784432,0.06063198335784432,
simple,300-349 kV,3,0.9127632046088255,1.0226388716518002,10,0.00036552451857902726,0.00022804553505062305,0.022804553505062306,
simple,300-349 kV,3,0.9127632046088255,1.0226388716518002,11,0.00013747898352840421,8.577117748168907e-05,0.008577117748168907,
simple,300-349 kV,3,0.9127632046088255,1.0226388716518002,12,5.170780604671515e-05,3.225976288008597e-05,0.003225976288008597,
simple,300-349 kV,3,0.9127632046088255,1.0226388716518002,13,1.9448043166629177e-05,1.2133356817930389e-05,0.001213335681793039,
simple,300-349 kV,3,0.9127632046088255,1.0226388716518002,14,7.314686348698788e-06,4.56352851130521e-06,0.00045635285113052097,
simple,300-349 kV,3,0.9127632046088255,1.0226388716518002,15,2.7511578373935784e-06,1.7164081454127968e-06,0.00017164081454127967,
simple,300-349 kV,3,0.9127632046088255,1.0226388716518002,16,1.0347496919807815e-06,6.455655781137625e-07,6.455655781137626e-05,3.89184113867019e-07
simple,>=350 kV,9,0.6908412678325387,1.514310904435221,1,1.0,0.30915873216746126,30.915873216746125,
simple,>=350 kV,9,0.6908412678325387,1.514310904435221,2,0.6908412678325387,0.333909830735625,33.3909830735625,
simple,>=350 kV,9,0.6908412678325387,1.514310904435221,3,0.3569314370969137,0.1725185238559663,17.25185238559663,
simple,>=350 kV,9,0.6908412678325387,1.514310904435221,4,0.1844129132409474,0.08913376706481684,8.913376706481683,
simple,>=350 kV,9,0.6908412678325387,1.514310904435221,5,0.09527914617613058,0.046052031130280655,4.6052031130280655,
simple,>=350 kV,9,0.6908412678325387,1.514310904435221,6,0.04922711504584992,0.023793334906199247,2.3793334906199246,
simple,>=350 kV,9,0.6908412678325387,1.514310904435221,7,0.025433780139650676,0.012293112205127384,1.2293112205127383,
simple,>=350 kV,9,0.6908412678325387,1.514310904435221,8,0.013140667934523292,0.006351384044465249,0.6351384044465249,
simple,>=350 kV,9,0.6908412678325387,1.514310904435221,9,0.006789283890058043,0.003281518838123192,0.3281518838123192,
simple,>=350 kV,9,0.6908412678325387,1.514310904435221,10,0.003507765051934851,0.001695436114328693,0.1695436114328693,
simple,>=350 kV,9,0.6908412678325387,1.514310904435221,11,0.0018123289376061578,0.0008759674283674055,0.08759674283674056,
simple,>=350 kV,9,0.6908412678325387,1.514310904435221,12,0.0009363615092387523,0.0004525790910525857,0.04525790910525857,
simple,>=350 kV,9,0.6908412678325387,1.514310904435221,13,0.0004837824181861666,0.00023383042225637817,0.023383042225637817,
simple,>=350 kV,9,0.6908412678325387,1.514310904435221,14,0.00024995199592978845,0.00012081129564653982,0.012081129564653983,
simple,>=350 kV,9,0.6908412678325387,1.514310904435221,15,0.00012914070028324863,6.241860667639269e-05,0.006241860667639269,
simple,>=350 kV,9,0.6908412678325387,1.514310904435221,16,6.672209360685594e-05,3.224932270258107e-05,0.003224932270258107,
simple,>=350 kV,9,0.6908412678325387,1.514310904435221,17,3.447277090427487e-05,1.6661999845128873e-05,0.0016661999845128872,
simple,>=350 kV,9,0.6908412678325387,1.514310904435221,18,1.7810771059145996e-05,8.608622308116105e-06,0.0008608622308116105,
simple,>=350 kV,9,0.6908412678325387,1.514310904435221,19,9.202148751029892e-06,4.4477480934234865e-06,0.00044477480934234867,
simple,>=350 kV,9,0.6908412678325387,1.514310904435221,20,4.754400657606405e-06,2.297982463918935e-06,0.00022979824639189349,
simple,>=350 kV,9,0.6908412678325387,1.514310904435221,21,2.4564181936874703e-06,1.1872802356516375e-06,0.00011872802356516376,
simple,>=350 kV,9,0.6908412678325387,1.514310904435221,22,1.2691379580358328e-06,6.134225913826358e-07,6.134225913826358e-05,6.557153666531969e-07
