country,voltage_group,n_branches_complete,n_branches_simple,edges_removed_pct,C_complete,C_simple,C_change_pct,gamma_complete,gamma_simple,gamma_change_pct,R2_complete,R2_simple
Albania,All,175,162,7.428571428571429,1.8156731970088658,1.8790182233682444,3.488790078728543,1.9016760319379882,1.7901296206620994,-5.865689497185935,0.9531921651064866,0.9482049162492835
Albania,110 kV,141,134,4.964539007092198,1.9427404813090963,2.0003098260859487,2.9633059757966156,1.7261278896762478,1.6398631643665045,-4.997585974114761,0.9200957577557431,0.9099851425873984
Albania,220 kV,31,27,12.903225806451612,1.556481651502614,1.6838170930193257,8.180979287085272,2.5039876996804513,2.1275570885795063,-15.033245217178324,0.9713589929180031,0.9708194315975334
Albania,400 kV,3,3,0.0,1.9999999999780511,1.9999999999780511,0.0,1.442695040850937,1.442695040850937,0.0,1.0,1.0
Belgium,All,666,376,43.54354354354354,1.3062179359092523,1.680964683626318,28.68945046725347,3.966685766044789,2.06176695072592,-48.02293218245712,0.9881807447154044,0.9887061175241505
Belgium,150 kV,521,309,40.69097888675624,1.3950869742592267,1.7453351070944518,25.105827758244427,3.424961006608456,1.9203026234390286,-43.93213178971065,0.9881720085859186,0.9878370304842367
Belgium,220 kV,70,30,57.142857142857146,1.087671103893167,1.8773224703198887,72.60019721037682,4.741090357945081,1.6862198375590065,-64.43392320643599,0.9163088210784591,0.971779476175106
Belgium,380 kV,75,40,46.666666666666664,1.4807861948917445,1.8711062105934426,26.358971811608036,3.483733661672927,1.7070870670541958,-50.99834738128535,0.9518129105412134,0.9645680603692742
Bosnia&Herzegovina,All,260,248,4.615384615384615,1.7290873194009728,1.7536148718675246,1.4185259582523086,2.082273577207907,2.0057804823914878,-3.6735372169005704,0.9627019763358079,0.9670866325718511
Bosnia&Herzegovina,110 kV,222,216,2.7027027027027026,1.8267313327300572,1.8401330510646003,0.7336447398925521,1.9006002835459572,1.8586833856859908,-2.205455730110801,0.9444384593452142,0.9443893545950108
Bosnia&Herzegovina,220 kV,28,22,21.428571428571427,1.5382682867701853,1.7341108128701515,12.731363428883109,2.5378697138941804,1.9009730315916926,-25.095720194604283,0.9757627957801289,0.9770312159756515
Bosnia&Herzegovina,400 kV,10,10,0.0,2.127514518523788,2.127514518523788,0.0,1.3522181898465433,1.3522181898465433,0.0,0.9867966238736623,0.9867966238736623
Croatia,All,358,311,13.128491620111731,1.672669402690059,1.7614269635305555,5.306342107875754,2.217935839134227,1.9561154132019771,-11.804688905448764,0.9610002180926245,0.9722152204695658
Croatia,110 kV,330,290,12.121212121212121,1.7103750094887598,1.8017524071712667,5.342535828433331,2.1333656190878716,1.8935650313366168,-11.240482437969654,0.9614774642211191,0.9614691899769239
Croatia,220 kV,23,18,21.73913043478261,1.6575302866262014,1.8975795619783598,14.482346252674727,2.1130271117941195,1.6031194220585594,-24.131620786569556,0.9842617815227287,0.978606890891775
Croatia,400 kV,5,5,0.0,1.4999999876725523,1.4999999876725523,0.0,2.466303488949507,2.466303488949507,0.0,0.9999999999999998,0.9999999999999998
Czechia,All,1019,786,22.865554465161924,1.504566648492085,1.634546008985282,8.63898987947563,2.873026215737693,2.223175969026883,-22.619015557571267,0.968755516805316,0.9791620713969055
Czechia,110 kV,934,728,22.055674518201286,1.534723559589049,1.6694607583627585,8.779248740391267,2.778727255859687,2.1588072164008327,-22.309495764709823,0.9690057327567578,0.9794581733417698
Czechia,220 kV,26,20,23.076923076923077,1.60757598312398,1.7967508106334464,11.76770675199101,2.478428480960345,1.7983903494813755,-27.43827940580586,0.9213504525916517,0.9823247583201042
Czechia,400 kV,59,47,20.338983050847457,1.5998761567279183,1.680887953429164,5.063629229085574,2.4301455005697497,1.993835840435424,-17.954055015719533,0.9805145245493901,0.9909208462789681
Denmark,All,307,279,9.120521172638437,1.5739876037348308,1.6700104886953773,6.100612529139295,2.387706945727335,2.1361312214987365,-10.536289835684363,0.9934136449412829,0.9882322412235506
Denmark,132–165 kV,248,223,10.080645161290322,1.6616317353100694,1.7691820441409525,6.472571902992312,2.2557577005594243,2.0019456710978836,-11.25174168300947,0.9788532384374528,0.9639992581992979
Denmark,232 kV,8,8,0.0,2.646871928081691,2.646871928081691,0.0,1.012859807963125,1.012859807963125,0.0,0.9777593071761762,0.9777593071761762
Denmark,400 kV,51,48,5.882352941176471,1.6509426525384856,1.7258970045220443,4.540094222431595,1.9373189472713577,1.810247300710281,-6.559149526723638,0.9913970333118921,0.9939003004867162
Estonia,All,231,201,12.987012987012987,1.6835191974531256,1.785118154188095,6.034915247100897,2.300060636090381,1.9852601411114132,-13.68661721519057,0.9465375922876973,0.948424853209986
Estonia,110 kV,215,185,13.953488372093023,1.729805330439668,1.8459496290312216,6.714298802746369,2.194768286858523,1.87930171636215,-14.373570658245452,0.9375833435241083,0.9292318244423721
Estonia,330 kV,16,16,0.0,1.6455413373478063,1.6455413373478063,0.0,2.5474699761558615,2.5474699761558615,0.0,0.7889460943868157,0.7889460943868157
Hungary,All,640,515,19.53125,1.6079946791923543,1.7341987456950632,7.848537568923875,2.478294434830761,1.9888813219930461,-19.74798094848388,0.9546412213363442,0.9786037721750098
Hungary,120 kV,579,467,19.34369602763385,1.67325376632284,1.7997157986471448,7.5578513474509705,2.3133006181901172,1.8638075389776596,-19.43081135577323,0.9446844547908534,0.9713486551344679
Hungary,220 kV,25,17,32.0,1.478754682955731,1.8656085026722555,26.160784082406565,2.444210236362365,1.5283573450942638,-37.47029930744148,0.9850374302505326,0.9714915830641345
Hungary,400 kV,36,33,8.333333333333334,1.6262735194078057,1.7039744527809886,4.777851477374913,2.434334209254754,2.1548619350509837,-11.480439832019945,0.9422211086681237,0.9454862551305386
Ireland,All,467,422,9.635974304068522,1.5682397160002797,1.6581397854292481,5.7325464029347675,2.4354740923423672,2.1762584979175457,-10.643332041176247,0.9924373122898579,0.9880490361346539
Ireland,110 kV,385,351,8.831168831168831,1.6708584596256635,1.7706551362197618,5.9727786048649865,2.1378300124125036,1.9173232800594928,-10.314511961789366,0.9874412153575401,0.9805287274476899
Ireland,220 kV,65,59,9.23076923076923,1.7171825009306858,1.7869103832583324,4.06059823518206,2.2703050328254397,2.09092024596644,-7.9013517683899765,0.9343082189054961,0.9022065199547298
Ireland,275 kV,13,13,0.0,1.850394763410746,1.850394763410746,0.0,1.8153242312096305,1.8153242312096305,0.0,0.7583801251942588,0.7583801251942588
Ireland,400 kV,4,4,0.0,1.6666666666660677,1.6666666666660677,0.0,1.9576151889744804,1.9576151889744804,0.0,1.0,1.0
Latvia,All,220,194,11.818181818181818,1.697346951431753,1.812468816131015,6.782459213901667,2.2443466321503154,1.9568031721979111,-12.811900614340843,0.9400093943667549,0.9296612485283786
Latvia,110 kV,199,178,10.552763819095478,1.764054785704644,1.874929377762731,6.2852125090774065,2.1010080256699983,1.852127205155429,-11.845781523619019,0.9255282069539947,0.9074728286479854
Latvia,330 kV,21,20,4.761904761904762,1.8370945139543955,1.873746643641927,1.9951139916387215,1.9766151475634008,1.8609890833779381,-5.849700399594553,0.861079284821208,0.8772998201002142
Lithuania,All,329,326,0.9118541033434651,1.863145850270529,1.8725696175969626,0.5057986912331824,1.8614176820468618,1.8469006346897991,-0.7798919875467872,0.939967496727186,0.9361096300167072
Lithuania,110 kV,306,304,0.6535947712418301,1.91711559742009,1.9209468255459583,0.19984335483077362,1.7753803760440567,1.7691719513215383,-0.3496954684354591,0.9241497951219978,0.9160606016331007
Lithuania,330 kV,23,22,4.3478260869565215,1.9171087506720659,1.9609170063414076,2.285121052938924,1.7860117890762859,1.6902676145125315,-5.360780659419537,0.8655839339107816,0.8821402703743845
Netherlands,All,669,433,35.276532137518686,1.4401444426714671,1.6872708888947605,17.15983750663746,3.5515936918053557,2.179378124634912,-38.63661460871993,0.9822046320782003,0.9753855885000854
Netherlands,110–150 kV,573,380,33.682373472949386,1.509615461854749,1.7525405961338958,16.0918552053437,3.155435839486086,1.996663065436918,-36.72306562372991,0.9717948789407377,0.9698370491712556
Netherlands,220 kV,30,15,50.0,1.5178097839293934,1.873581989152222,23.439841341764524,3.668609754512245,1.764449011822438,-51.904150893884655,0.8946250929020563,0.9000918980998546
Netherlands,400 kV,66,39,40.90909090909091,1.4828791991263086,1.8711304886482962,26.1822601430204,3.4957150866776656,1.825659031381316,-47.77437559659859,0.8645455707377772,0.900409127831875
Portugal,All,314,219,30.254777070063696,1.3067114444532733,1.5123130368017008,15.734276547524313,3.7645893598538893,2.463859259068011,-34.55171272216427,0.9941981910487571,0.9948076891110041
Portugal,150 kV,100,70,30.0,1.3674769317371056,1.626313941781019,18.92807140191483,3.0748899375586842,2.002725633615233,-34.86837986775873,0.9974021849946151,0.9906878523700741
Portugal,220 kV,135,93,31.11111111111111,1.4204013857112556,1.6741845437467566,17.867002988625003,3.486418771914945,2.228167108644276,-36.09008973352802,0.9841990792834309,0.9683519321447562
Portugal,400 kV,79,69,12.658227848101266,1.5237283248893232,1.5959760484616992,4.74150951926576,2.7642955691647524,2.3868466480709225,-13.65443425457858,0.960242629921379,0.9701889191768156
Slovakia,All,457,368,19.474835886214443,1.501668028932032,1.6526062961484165,10.051373826193117,2.717412620593576,2.149260680561487,-20.907827384270593,0.9661457495905778,0.969691710606737
Slovakia,110 kV,412,334,18.932038834951456,1.5352040464884875,1.691849751130341,10.203575544251155,2.6050694105871384,2.06843946631985,-20.599448985366617,0.9669818034912129,0.9704616713706359
Slovakia,220 kV,8,6,25.0,1.90674874810705,2.727225431916253,43.03014147111634,1.6059575823426164,0.9980652728753207,-37.85232662126486,0.9799622361978649,0.9996171547210276
Slovakia,400 kV,37,31,16.216216216216218,1.6567819627944305,1.7684604636133083,6.740687871234066,2.3679943510368786,1.989526979248509,-15.982612949336186,0.9548132280987122,0.9480500642236755
Slovenia,All,233,189,18.88412017167382,1.6097007263394807,1.7453140721703595,8.424755211440365,2.449494137482434,2.0297781650580906,-17.134802080225565,0.9486814790864818,0.9496924216163849
Slovenia,110 kV,218,182,16.513761467889907,1.639299313550823,1.7717613231204967,8.080404138201764,2.3825644660553027,1.98691730099195,-16.605937455216335,0.9547048271280352,0.9511975346459621
Slovenia,220 kV,4,4,0.0,1.6666666666660677,1.6666666666660677,0.0,1.9576151889744804,1.9576151889744804,0.0,1.0,1.0
Slovenia,400 kV,11,8,27.272727272727273,1.5867335457843426,1.7996925886792614,13.421222703755879,2.3727948371764973,1.6755462827405243,-29.385117647409526,0.9761370868326019,0.9769640064272261
